LENGTH,TIME
1,0.16597313799866242
2,0.15222693699979573
3,0.19659079799748724
4,0.5491755599978205
5,8.092994922000798
6,220.2597587249984

