THREADS,TIME
1,46.544326110999464
2,23.994948911000392
3,16.365426374999515
4,12.73392030099967
5,10.591985290000594
6,9.307824326999253
12,9.252899350000007
18,9.12552791500093
24,8.99997740100116
