THREADS,TIME
1,36.101788207000936
2,18.062241923998954
3,11.684693032999348
4,8.991351990998737
5,7.707709023999996
6,6.321717118000379
12,6.871128103000956
18,6.723575427000469
24,6.544118858000729
