THREADS,TIME
1,85.94408512799964
2,45.100309687000845
3,31.727796904999195
4,23.939765519000503
5,18.867384512999706
6,16.235463267999876
12,16.865639220999583
18,17.109892770999068
24,17.66661458300041
