THREADS,TIME
1,124.711641625001
2,71.45716946600078
3,47.64610407500004
4,38.36992187400028
5,30.637406782001563
6,34.024817135001285
12,28.806857978999687
18,25.18463238000004
24,24.422347054000056
